<?xml version="1.0" encoding="utf-8"?>
<install version="1.5" type="plugin" group="authentication" method="upgrade">
	<name>Authentication - JFBConnect Facebook</name>
	<version>4.2.0</version>
	<creationDate>2012/04/20</creationDate>
	<author>SourceCoast | www.sourcecoast.com</author>
	<authorEmail>support@sourcecoast.com</authorEmail>
	<authorUrl>http://www.sourcecoast.com</authorUrl>
	<copyright>2010-2012 SourceCoast. All rights reserved.</copyright>
	<license>http://www.gnu.org/licenses/gpl-2.0.html GNU/GPL</license>
	<description>Facebook authentication plugin to be used with JFBConnect</description>
	<files>
		<filename plugin="jfbconnectauth">jfbconnectauth.php</filename>
	</files>
</install>
