<?xml version="1.0" encoding="utf-8"?>
<install type="library" version="1.5" method="upgrade">
    <name>SourceCoast Extensions Library</name>
    <libraryname>sourcecoast</libraryname>
    <version>1.0.5</version>
    <creationDate>2012/07/23</creationDate>
    <author>SourceCoast | www.sourcecoast.com</author>
    <authorEmail>support@sourcecoast.com</authorEmail>
    <authorUrl>http://www.sourcecoast.com</authorUrl>
    <copyright>Copyright (C) 2012 SourceCoast. All rights reserved.</copyright>
    <license>http://www.gnu.org/licenses/gpl-2.0.html GNU/GPL</license>
    <description>This library provides common functionality to the SourceCoast Social Extensions (JFBConnect, JLinked, etc)</description>
    <files>
        <filename>articleContent.php</filename>
        <filename>easyTags.php</filename>
        <filename>openGraph.php</filename>
        <filename>profile.php</filename>
        <filename>utilities.php</filename>
    </files>
</install>
