<?xml version="1.0" encoding="utf-8"?>
<install version="1.5" type="module" method="upgrade">
    <name>SCLogin</name>
    <version>1.1.3</version>
    <creationDate>2012/07/23</creationDate>
    <author>SourceCoast | www.sourcecoast.com</author>
    <authorEmail>support@sourcecoast.com</authorEmail>
    <authorUrl>http://www.sourcecoast.com</authorUrl>
    <copyright>Copyright (C) 2009-2012 SourceCoast. All rights reserved.</copyright>
    <license>http://www.gnu.org/licenses/gpl-2.0.html GNU/GPL</license>
    <description>This is the login module that goes with the JFBConnect/JLinked component.</description>
    <files>
        <filename module="mod_sclogin">mod_sclogin.php</filename>
        <filename>helper.php</filename>
        <filename>index.html</filename>
        <filename>mod_sclogin.xml</filename>
        <filename>css/mod_sclogin.css</filename>
        <filename>tmpl/index.html</filename>
        <filename>tmpl/login.php</filename>
        <filename>tmpl/logout.php</filename>
    </files>
    <languages folder="translations">
        <language tag="de-DE">de-DE.mod_sclogin.ini</language>
        <language tag="en-GB">en-GB.mod_sclogin.ini</language>
        <language tag="fr-FR">fr-FR.mod_sclogin.ini</language>
        <language tag="it-IT">it-IT.mod_sclogin.ini</language>
        <language tag="nl-NL">nl-NL.mod_sclogin.ini</language>
        <language tag="pt-BR">pt-BR.mod_sclogin.ini</language>
        <language tag="zh-TW">zh-TW.mod_sclogin.ini</language>
    </languages>
    <params>
        <param name="register_type"
               type="radio"
               default="joomla"
               label="Registration Component"
               description="This changes the 'Register Now' link to point to the component specified. Only select JomSocial if you have it installed." >
                <option value="joomla">Joomla</option>
                <option value="jomsocial">JomSocial</option>
                <option value="communitybuilder">Community Builder</option>
                <option value="virtuemart">Virtuemart</option>
        </param>
        <param name="loginButtonSize"
               type="list"
               default="medium"
               label="Login Button Size"
               description="Size of the Login buttons">
                <option value="small">Small</option>
                <option value="medium">Medium</option>
                <option value="large">Large</option>
                <option value="xlarge">XLarge</option>
                <!--<option value="icon">Icon only</option>-->
        </param>
        <param name="loginButtonType"
                type="list"
                default="javascript"
                label="Login Button Type"
                description="Customize the type of Login Button">
                <option value="javascript">Javascript</option>
                <option value="text_link">Text Link</option>
                <option value="image_link">Image Link</option>
        </param>
        <param name="loginButtonLinkText"
               type="text"
               default=""
               label="Link Text"
               description="Use this field for a simple text link to custom login code. This is only used if Login Button Type is set to Text Link."/>
        <param name="loginButtonLinkImage"
               type="text"
               default=""
               label="Link Image"
               description="Use this field for an image link to custom login code. This should be a URL to the image and is only used if Login Button Type is set to Image Link."/>
        <param name="showLoginForm"
               type="radio"
               default="1"
               label="Show Login Form"
               description="Show the Login form with username/password and login button">
                <option value="0">Hide</option>
                <option value="1">Show</option>
        </param>
        <param name="showRegisterLink"
               type="radio"
               default="1"
               label="Show Register Link"
               description="Show the 'Register for this site' link">
                <option value="0">Hide</option>
                <option value="1">Show</option>
        </param>
        <param name="showForgotUsername"
               type="radio"
               default="1"
               label="Show Forgot Username Link"
               description="Show the 'Forgot Username' link">
                <option value="0">Hide</option>
                <option value="1">Show</option>
        </param>
        <param name="showForgotPassword"
               type="radio"
               default="1"
               label="Show Forgot Password Link"
               description="Show the 'Forgot Password' link">
                <option value="0">Hide</option>
                <option value="1">Show</option>
        </param>
        <param name="separator"
               type="spacer"
               default=""
               disable="separator"
               label="Joomla Login Redirection:"
               description="Joomla Login Redirection" />
        <param name="jlogin_redirect"
               type="radio"
               default="1"
               label="Redirect on Joomla Login"
               description="'Yes' will use the list below to determine where the user should be redirected to upon a Joomla login. When set to 'No' the user will remain on the current page after logging in.">
                <option value="0">No</option>
                <option value="1">Yes</option>
        </param>
        <param name="jlogin"
               type="menuitem"
               default=""
               disable="separator"
               label="Joomla Login Redirection URL"
               description="PARAMJOOMLALOGINREDIRECTURL" />
        <param name="usesecure"
               type="radio"
               default="0"
               label="Encrypt Login Form"
               description="Submit encrypted login data (requires SSL)">
                <option value="0">No</option>
                <option value="1">Yes</option>
        </param>
        <param name="separator"
               type="spacer"
               default=""
               disable="separator"
               label="Logout View Settings"
               description="Logout View Settings" />
        <param name="enableProfilePic"
               type="radio"
               default="1"
               label="Enable Profile Picture"
               description="Show profile picture of user when logged in. If a social network is selected, the avatar from that network will be displayed first, if available. If not, the other one will be used. If a Joomla-only user is logged in, no image will be shown.">
                <option value="0">Hide</option>
                <option value="facebook">Facebook</option>
                <option value="linkedin">LinkedIn</option>
                <option value="joomla">Joomla</option>
        </param>
        <param name="profileWidth"
               type="text"
               default="50"
               label="Profile Width (in px)"
               description="Width of profile picture. Suggested sizes are: Square/Small (50), Normal (100), Large (200)"/>
        <param name="profileHeight"
               type="text"
               default=""
               label="Profile Height (in px)"
               description="Height of profile picture. Suggested sizes are: Square(50), Small/Normal/Large (leave blank)"/>
        <param name="linkProfile"
               type="radio"
               default="0"
               label="Link pic to profile"
               description="Link the profile pic to the user's Social profile">
                <option value="0">Do Not Link</option>
                <option value="1">Link</option>
        </param>
        <param name="showGreeting"
               type="radio"
               default="1"
               label="Show Greeting"
               description="Show Greeting when logged in">
                <option value="0">Hide</option>
                <option value="1">Show</option>
        </param>
        <param name="greetingName"
               type="radio"
               default="1"
               label="Greeting Name"
               description="Name to show if Greeting is enabled">
                <option value="0">Username</option>
                <option value="1">Name</option>
        </param>
        <param name="showLogoutButton"
               type="radio"
               default="1"
               label="Show Logout Button"
               description="Show Logout Button logged in">
                <option value="0">Hide</option>
                <option value="1">Show</option>
        </param>
        <param name="showConnectButton"
               type="radio"
               default="1"
               label="Show Connect Account Button(s)"
               description="When logged in through Joomla only and the user has never connected their account to a Facebook or LinkedIn account, show a Connect to Facebook and/or LinkedIn button.">
                <option value="0">Hide</option>
                <option value="1">Show</option>
        </param>
        <param name="separator"
               type="spacer"
               default=""
               disable="separator"
               label="Advanced"
               description="Advanced"/>
        <param name="user_intro"
               type="textarea"
               default=""
               rows="5"
               cols="40"
               label="Intro Text"
               description="PARAMUSERDESC"/>
        <param name="showPoweredByLink"
               type="radio"
               default="2"
               label="Show Powered By Link"
               description="Show 'Powered By' link">
                <option value="2">Use Global</option>
                <option value="0">Hide</option>
                <option value="1">Show</option>
        </param>
        <param name="moduleclass_sfx"
               type="text"
               default=""
               label="MODULE CLASS SUFFIX"
               description="PARAMMODULECLASSSUFFIX"/>
    </params>
</install>
